/* 255-03015 */

CREATE TABLE `rptcertification_online` (
  `objid` varchar(50) NOT NULL,
  `state` varchar(25) NOT NULL,
  `reftype` varchar(25) NOT NULL,
  `refid` varchar(50) NOT NULL,
  `refno` varchar(50) NOT NULL,
  `refdate` date NOT NULL,
  `orno` varchar(25) DEFAULT NULL,
  `ordate` date DEFAULT NULL,
  `oramount` decimal(16,2) DEFAULT NULL,
  PRIMARY KEY (`objid`),
  KEY `ix_state` (`state`),
  KEY `ix_refid` (`refid`),
  KEY `ix_refno` (`refno`),
  KEY `ix_orno` (`orno`),
  CONSTRAINT `fk_rptcertification_online_rptcertification` FOREIGN KEY (`objid`) REFERENCES `rptcertification` (`objid`)
) ENGINE=InnoDB DEFAULT CHARSET=utf8
;


CREATE TABLE `assessmentnotice_online` (
  `objid` varchar(50) NOT NULL,
  `state` varchar(25) NOT NULL,
  `reftype` varchar(25) NOT NULL,
  `refid` varchar(50) NOT NULL,
  `refno` varchar(50) NOT NULL,
  `refdate` date NOT NULL,
  `orno` varchar(25) DEFAULT NULL,
  `ordate` date DEFAULT NULL,
  `oramount` decimal(16,2) DEFAULT NULL,
  PRIMARY KEY (`objid`),
  KEY `ix_state` (`state`),
  KEY `ix_refid` (`refid`),
  KEY `ix_refno` (`refno`),
  KEY `ix_orno` (`orno`),
  CONSTRAINT `fk_assessmentnotice_online_assessmentnotice` FOREIGN KEY (`objid`) REFERENCES `assessmentnotice` (`objid`)
) ENGINE=InnoDB DEFAULT CHARSET=utf8
;



/*===============================================================
**
** FAAS ANNOTATION
**
===============================================================*/
CREATE TABLE `faasannotation_faas` (
  `objid` varchar(50) NOT NULL,
  `parent_objid` varchar(50) NOT NULL,
  `faas_objid` varchar(50) NOT NULL,
  PRIMARY KEY (`objid`)
) ENGINE=InnoDB DEFAULT CHARSET=utf8
;


alter table faasannotation_faas 
add constraint fk_faasannotationfaas_faasannotation foreign key(parent_objid)
references faasannotation (objid)
;

alter table faasannotation_faas 
add constraint fk_faasannotationfaas_faas foreign key(faas_objid)
references faas (objid)
;

create index ix_parent_objid on faasannotation_faas(parent_objid)
;

create index ix_faas_objid on faasannotation_faas(faas_objid)
;


create unique index ux_parent_faas on faasannotation_faas(parent_objid, faas_objid)
;

alter table faasannotation modify column faasid varchar(50) null
;



-- insert annotated faas
insert into faasannotation_faas(
  objid, 
  parent_objid,
  faas_objid 
)
select 
  objid, 
  objid as parent_objid,
  faasid as faas_objid 
from faasannotation
;



/*============================================
*
*  LEDGER FAAS FACTS
*
=============================================*/
INSERT INTO `sys_var` (`name`, `value`, `description`, `datatype`, `category`) 
VALUES ('rptledger_rule_include_ledger_faases', '0', 'Include Ledger FAASes as rule facts', 'checkbox', 'LANDTAX')
;

INSERT INTO `sys_var` (`name`, `value`, `description`, `datatype`, `category`) 
VALUES ('rptledger_post_ledgerfaas_by_actualuse', '0', 'Post by Ledger FAAS by actual use', 'checkbox', 'LANDTAX')
;


/* 255-03017 */

/*==================================================
**
** BLDG DATE CONSTRUCTED SUPPORT 
**
===================================================*/

DELETE FROM sys_wf_transition WHERE processname = 'batchgr';
DELETE FROM sys_wf_node WHERE processname = 'batchgr';

INSERT INTO `sys_wf_node` (`name`, `processname`, `title`, `nodetype`, `idx`, `salience`, `domain`, `role`, `properties`, `ui`, `tracktime`) VALUES ('start', 'batchgr', 'Start', 'start', '1', NULL, 'RPT', NULL, NULL, NULL, NULL);
INSERT INTO `sys_wf_node` (`name`, `processname`, `title`, `nodetype`, `idx`, `salience`, `domain`, `role`, `properties`, `ui`, `tracktime`) VALUES ('assign-receiver', 'batchgr', 'For Review and Verification', 'state', '2', NULL, 'RPT', 'RECEIVER', NULL, NULL, NULL);
INSERT INTO `sys_wf_node` (`name`, `processname`, `title`, `nodetype`, `idx`, `salience`, `domain`, `role`, `properties`, `ui`, `tracktime`) VALUES ('receiver', 'batchgr', 'Review and Verification', 'state', '5', NULL, 'RPT', 'RECEIVER', NULL, NULL, NULL);
INSERT INTO `sys_wf_node` (`name`, `processname`, `title`, `nodetype`, `idx`, `salience`, `domain`, `role`, `properties`, `ui`, `tracktime`) VALUES ('assign-examiner', 'batchgr', 'For Examination', 'state', '10', NULL, 'RPT', 'EXAMINER', NULL, NULL, NULL);
INSERT INTO `sys_wf_node` (`name`, `processname`, `title`, `nodetype`, `idx`, `salience`, `domain`, `role`, `properties`, `ui`, `tracktime`) VALUES ('examiner', 'batchgr', 'Examination', 'state', '15', NULL, 'RPT', 'EXAMINER', NULL, NULL, NULL);
INSERT INTO `sys_wf_node` (`name`, `processname`, `title`, `nodetype`, `idx`, `salience`, `domain`, `role`, `properties`, `ui`, `tracktime`) VALUES ('assign-taxmapper', 'batchgr', 'For Taxmapping', 'state', '20', NULL, 'RPT', 'TAXMAPPER', NULL, NULL, NULL);
INSERT INTO `sys_wf_node` (`name`, `processname`, `title`, `nodetype`, `idx`, `salience`, `domain`, `role`, `properties`, `ui`, `tracktime`) VALUES ('assign-provtaxmapper', 'batchgr', 'For Taxmapping', 'state', '20', NULL, 'RPT', 'TAXMAPPER', NULL, NULL, NULL);
INSERT INTO `sys_wf_node` (`name`, `processname`, `title`, `nodetype`, `idx`, `salience`, `domain`, `role`, `properties`, `ui`, `tracktime`) VALUES ('taxmapper', 'batchgr', 'Taxmapping', 'state', '25', NULL, 'RPT', 'TAXMAPPER', NULL, NULL, NULL);
INSERT INTO `sys_wf_node` (`name`, `processname`, `title`, `nodetype`, `idx`, `salience`, `domain`, `role`, `properties`, `ui`, `tracktime`) VALUES ('provtaxmapper', 'batchgr', 'Taxmapping', 'state', '25', NULL, 'RPT', 'TAXMAPPER', NULL, NULL, NULL);
INSERT INTO `sys_wf_node` (`name`, `processname`, `title`, `nodetype`, `idx`, `salience`, `domain`, `role`, `properties`, `ui`, `tracktime`) VALUES ('assign-taxmapping-approval', 'batchgr', 'For Taxmapping Approval', 'state', '30', NULL, 'RPT', 'TAXMAPPER_CHIEF', NULL, NULL, NULL);
INSERT INTO `sys_wf_node` (`name`, `processname`, `title`, `nodetype`, `idx`, `salience`, `domain`, `role`, `properties`, `ui`, `tracktime`) VALUES ('taxmapper_chief', 'batchgr', 'Taxmapping Approval', 'state', '35', NULL, 'RPT', 'TAXMAPPER_CHIEF', NULL, NULL, NULL);
INSERT INTO `sys_wf_node` (`name`, `processname`, `title`, `nodetype`, `idx`, `salience`, `domain`, `role`, `properties`, `ui`, `tracktime`) VALUES ('assign-appraiser', 'batchgr', 'For Appraisal', 'state', '40', NULL, 'RPT', 'APPRAISER', NULL, NULL, NULL);
INSERT INTO `sys_wf_node` (`name`, `processname`, `title`, `nodetype`, `idx`, `salience`, `domain`, `role`, `properties`, `ui`, `tracktime`) VALUES ('assign-provappraiser', 'batchgr', 'For Appraisal', 'state', '40', NULL, 'RPT', 'APPRAISER', NULL, NULL, NULL);
INSERT INTO `sys_wf_node` (`name`, `processname`, `title`, `nodetype`, `idx`, `salience`, `domain`, `role`, `properties`, `ui`, `tracktime`) VALUES ('appraiser', 'batchgr', 'Appraisal', 'state', '45', NULL, 'RPT', 'APPRAISER', NULL, NULL, NULL);
INSERT INTO `sys_wf_node` (`name`, `processname`, `title`, `nodetype`, `idx`, `salience`, `domain`, `role`, `properties`, `ui`, `tracktime`) VALUES ('provappraiser', 'batchgr', 'Appraisal', 'state', '45', NULL, 'RPT', 'APPRAISER', NULL, NULL, NULL);
INSERT INTO `sys_wf_node` (`name`, `processname`, `title`, `nodetype`, `idx`, `salience`, `domain`, `role`, `properties`, `ui`, `tracktime`) VALUES ('assign-appraisal-chief', 'batchgr', 'For Appraisal Approval', 'state', '50', NULL, 'RPT', 'APPRAISAL_CHIEF', NULL, NULL, NULL);
INSERT INTO `sys_wf_node` (`name`, `processname`, `title`, `nodetype`, `idx`, `salience`, `domain`, `role`, `properties`, `ui`, `tracktime`) VALUES ('appraiser_chief', 'batchgr', 'Appraisal Approval', 'state', '55', NULL, 'RPT', 'APPRAISAL_CHIEF', NULL, NULL, NULL);
INSERT INTO `sys_wf_node` (`name`, `processname`, `title`, `nodetype`, `idx`, `salience`, `domain`, `role`, `properties`, `ui`, `tracktime`) VALUES ('assign-recommender', 'batchgr', 'For Recommending Approval', 'state', '70', NULL, 'RPT', 'RECOMMENDER,ASSESSOR', NULL, NULL, NULL);
INSERT INTO `sys_wf_node` (`name`, `processname`, `title`, `nodetype`, `idx`, `salience`, `domain`, `role`, `properties`, `ui`, `tracktime`) VALUES ('recommender', 'batchgr', 'Recommending Approval', 'state', '75', NULL, 'RPT', 'RECOMMENDER,ASSESSOR', NULL, NULL, NULL);
INSERT INTO `sys_wf_node` (`name`, `processname`, `title`, `nodetype`, `idx`, `salience`, `domain`, `role`, `properties`, `ui`, `tracktime`) VALUES ('forprovsubmission', 'batchgr', 'For Province Submission', 'state', '80', NULL, 'RPT', 'RECOMMENDER,ASSESSOR', NULL, NULL, NULL);
INSERT INTO `sys_wf_node` (`name`, `processname`, `title`, `nodetype`, `idx`, `salience`, `domain`, `role`, `properties`, `ui`, `tracktime`) VALUES ('forprovapproval', 'batchgr', 'For Province Approval', 'state', '81', NULL, 'RPT', 'RECOMMENDER,ASSESSOR', NULL, NULL, NULL);
INSERT INTO `sys_wf_node` (`name`, `processname`, `title`, `nodetype`, `idx`, `salience`, `domain`, `role`, `properties`, `ui`, `tracktime`) VALUES ('forapproval', 'batchgr', 'Provincial Assessor Approval', 'state', '85', NULL, 'RPT', 'APPROVER,ASSESSOR', NULL, NULL, NULL);
INSERT INTO `sys_wf_node` (`name`, `processname`, `title`, `nodetype`, `idx`, `salience`, `domain`, `role`, `properties`, `ui`, `tracktime`) VALUES ('assign-approver', 'batchgr', 'For Provincial Assessor Approval', 'state', '90', NULL, 'RPT', 'APPROVER,ASSESSOR', NULL, NULL, NULL);
INSERT INTO `sys_wf_node` (`name`, `processname`, `title`, `nodetype`, `idx`, `salience`, `domain`, `role`, `properties`, `ui`, `tracktime`) VALUES ('approver', 'batchgr', 'Provincial Assessor Approval', 'state', '95', NULL, 'RPT', 'APPROVER,ASSESSOR', NULL, NULL, NULL);
INSERT INTO `sys_wf_node` (`name`, `processname`, `title`, `nodetype`, `idx`, `salience`, `domain`, `role`, `properties`, `ui`, `tracktime`) VALUES ('provapprover', 'batchgr', 'Approved By Province', 'state', '96', NULL, 'RPT', 'APPROVER', NULL, NULL, NULL);
INSERT INTO `sys_wf_node` (`name`, `processname`, `title`, `nodetype`, `idx`, `salience`, `domain`, `role`, `properties`, `ui`, `tracktime`) VALUES ('end', 'batchgr', 'End', 'end', '1000', NULL, 'RPT', NULL, NULL, NULL, NULL);

INSERT INTO `sys_wf_transition` (`parentid`, `processname`, `action`, `to`, `idx`, `eval`, `properties`, `permission`, `caption`, `ui`) VALUES ('start', 'batchgr', '', 'assign-receiver', '1', NULL, NULL, NULL, NULL, NULL);
INSERT INTO `sys_wf_transition` (`parentid`, `processname`, `action`, `to`, `idx`, `eval`, `properties`, `permission`, `caption`, `ui`) VALUES ('assign-receiver', 'batchgr', '', 'receiver', '2', NULL, '[caption:\'Assign To Me\', confirm:\'Assign task to you?\']', NULL, NULL, NULL);
INSERT INTO `sys_wf_transition` (`parentid`, `processname`, `action`, `to`, `idx`, `eval`, `properties`, `permission`, `caption`, `ui`) VALUES ('receiver', 'batchgr', 'submit', 'assign-provtaxmapper', '5', NULL, '[caption:\'Submit For Taxmapping\', confirm:\'Submit?\']', NULL, NULL, NULL);
INSERT INTO `sys_wf_transition` (`parentid`, `processname`, `action`, `to`, `idx`, `eval`, `properties`, `permission`, `caption`, `ui`) VALUES ('assign-examiner', 'batchgr', '', 'examiner', '10', NULL, '[caption:\'Assign To Me\', confirm:\'Assign task to you?\']', NULL, NULL, NULL);
INSERT INTO `sys_wf_transition` (`parentid`, `processname`, `action`, `to`, `idx`, `eval`, `properties`, `permission`, `caption`, `ui`) VALUES ('examiner', 'batchgr', 'returnreceiver', 'receiver', '15', NULL, '[caption:\'Return to Receiver\', confirm:\'Return to receiver?\', messagehandler:\'default\']', NULL, NULL, NULL);
INSERT INTO `sys_wf_transition` (`parentid`, `processname`, `action`, `to`, `idx`, `eval`, `properties`, `permission`, `caption`, `ui`) VALUES ('examiner', 'batchgr', 'submit', 'assign-provtaxmapper', '16', NULL, '[caption:\'Submit for Approval\', confirm:\'Submit?\']', NULL, NULL, NULL);
INSERT INTO `sys_wf_transition` (`parentid`, `processname`, `action`, `to`, `idx`, `eval`, `properties`, `permission`, `caption`, `ui`) VALUES ('assign-provtaxmapper', 'batchgr', '', 'provtaxmapper', '20', NULL, '[caption:\'Assign To Me\', confirm:\'Assign task to you?\']', NULL, NULL, NULL);
INSERT INTO `sys_wf_transition` (`parentid`, `processname`, `action`, `to`, `idx`, `eval`, `properties`, `permission`, `caption`, `ui`) VALUES ('provtaxmapper', 'batchgr', 'returnexaminer', 'examiner', '25', NULL, '[caption:\'Return to Examiner\', confirm:\'Return to examiner?\', messagehandler:\'default\']', NULL, NULL, NULL);
INSERT INTO `sys_wf_transition` (`parentid`, `processname`, `action`, `to`, `idx`, `eval`, `properties`, `permission`, `caption`, `ui`) VALUES ('provtaxmapper', 'batchgr', 'submit', 'assign-provappraiser', '26', NULL, '[caption:\'Submit for Approval\', confirm:\'Submit?\', messagehandler:\'rptmessage:sign\']', NULL, NULL, NULL);
INSERT INTO `sys_wf_transition` (`parentid`, `processname`, `action`, `to`, `idx`, `eval`, `properties`, `permission`, `caption`, `ui`) VALUES ('assign-provappraiser', 'batchgr', '', 'provappraiser', '40', NULL, '[caption:\'Assign To Me\', confirm:\'Assign task to you?\']', NULL, NULL, NULL);
INSERT INTO `sys_wf_transition` (`parentid`, `processname`, `action`, `to`, `idx`, `eval`, `properties`, `permission`, `caption`, `ui`) VALUES ('provappraiser', 'batchgr', 'returntaxmapper', 'provtaxmapper', '45', NULL, '[caption:\'Return to Taxmapper\', confirm:\'Return to taxmapper?\', messagehandler:\'default\']', NULL, NULL, NULL);
INSERT INTO `sys_wf_transition` (`parentid`, `processname`, `action`, `to`, `idx`, `eval`, `properties`, `permission`, `caption`, `ui`) VALUES ('provappraiser', 'batchgr', 'returnexaminer', 'examiner', '46', NULL, '[caption:\'Return to Examiner\', confirm:\'Return to examiner?\', messagehandler:\'default\']', NULL, NULL, NULL);
INSERT INTO `sys_wf_transition` (`parentid`, `processname`, `action`, `to`, `idx`, `eval`, `properties`, `permission`, `caption`, `ui`) VALUES ('provappraiser', 'batchgr', 'submit', 'assign-approver', '47', NULL, '[caption:\'Submit for Approval\', confirm:\'Submit?\', messagehandler:\'rptmessage:sign\']', NULL, NULL, NULL);
INSERT INTO `sys_wf_transition` (`parentid`, `processname`, `action`, `to`, `idx`, `eval`, `properties`, `permission`, `caption`, `ui`) VALUES ('assign-approver', 'batchgr', '', 'approver', '70', NULL, '[caption:\'Assign To Me\', confirm:\'Assign task to you?\']', NULL, NULL, NULL);
INSERT INTO `sys_wf_transition` (`parentid`, `processname`, `action`, `to`, `idx`, `eval`, `properties`, `permission`, `caption`, `ui`) VALUES ('approver', 'batchgr', 'approve', 'provapprover', '90', NULL, '[caption:\'Approve\', confirm:\'Approve record?\', messagehandler:\'rptmessage:sign\']', NULL, NULL, NULL);
INSERT INTO `sys_wf_transition` (`parentid`, `processname`, `action`, `to`, `idx`, `eval`, `properties`, `permission`, `caption`, `ui`) VALUES ('provapprover', 'batchgr', 'backforprovapproval', 'approver', '95', NULL, '[caption:\'Cancel Posting\', confirm:\'Cancel posting record?\']', NULL, NULL, NULL);
INSERT INTO `sys_wf_transition` (`parentid`, `processname`, `action`, `to`, `idx`, `eval`, `properties`, `permission`, `caption`, `ui`) VALUES ('provapprover', 'batchgr', 'completed', 'end', '100', NULL, '[caption:\'Approved\', visible:false]', NULL, NULL, NULL);


/* 255-03018 */

/*==================================================
**
** ONLINE BATCH GR 
**
===================================================*/
drop table if exists zz_tmp_batchgr_item 
;
drop table if exists zz_tmp_batchgr
;

create table zz_tmp_batchgr 
select * from batchgr
;

create table zz_tmp_batchgr_item 
select * from batchgr_item
;

drop table if exists batchgr_task
;

alter table batchgr 
  add txntype_objid varchar(50),
  add txnno varchar(25),
  add txndate datetime,
  add effectivityyear int,
  add effectivityqtr int,
  add originlgu_objid varchar(50)
;


create index ix_ry on batchgr(ry)
;
create index ix_txnno on batchgr(txnno)
;
create index ix_classificationid on batchgr(classification_objid)
;
create index ix_section on batchgr(section)
;

alter table batchgr 
add constraint fk_batchgr_lguid foreign key(lgu_objid) 
references sys_org(objid)
;

alter table batchgr 
add constraint fk_batchgr_barangayid foreign key(barangay_objid) 
references sys_org(objid)
;

alter table batchgr 
add constraint fk_batchgr_classificationid foreign key(classification_objid) 
references propertyclassification(objid)
;


alter table batchgr_item add subsuffix int
;

alter table batchgr_item 
add constraint fk_batchgr_item_faas foreign key(objid) 
references faas(objid)
;

create table `batchgr_task` (
  `objid` varchar(50) not null,
  `refid` varchar(50) default null,
  `parentprocessid` varchar(50) default null,
  `state` varchar(50) default null,
  `startdate` datetime default null,
  `enddate` datetime default null,
  `assignee_objid` varchar(50) default null,
  `assignee_name` varchar(100) default null,
  `assignee_title` varchar(80) default null,
  `actor_objid` varchar(50) default null,
  `actor_name` varchar(100) default null,
  `actor_title` varchar(80) default null,
  `message` varchar(255) default null,
  `signature` longtext,
  `returnedby` varchar(100) default null,
  primary key (`objid`),
  key `ix_assignee_objid` (`assignee_objid`),
  key `ix_refid` (`refid`)
) engine=innodb default charset=utf8;

alter table batchgr_task 
add constraint fk_batchgr_task_batchgr foreign key(refid) 
references batchgr(objid)
;



drop table if exists vw_batchgr
;
drop view if exists vw_batchgr
;

create view vw_batchgr 
as 
select 
  bg.*,
  l.name as lgu_name,
  b.name as barangay_name,
  pc.name as classification_name,
  t.objid AS taskid,
  t.state AS taskstate,
  t.assignee_objid 
from batchgr bg
inner join sys_org l on bg.lgu_objid = l.objid 
left join sys_org b on bg.barangay_objid = b.objid
left join propertyclassification pc on bg.classification_objid = pc.objid 
left join batchgr_task t on bg.objid = t.refid  and t.enddate is null 
;


/* insert task */
insert into batchgr_task (
  objid,
  refid,
  parentprocessid,
  state,
  startdate,
  enddate,
  assignee_objid,
  assignee_name,
  assignee_title,
  actor_objid,
  actor_name,
  actor_title,
  message,
  signature,
  returnedby
)
select 
  concat(b.objid, '-appraiser') as objid,
  b.objid as refid,
  null as parentprocessid,
  'appraiser' as state,
  b.appraiser_dtsigned as startdate,
  b.appraiser_dtsigned as enddate,
  null as assignee_objid,
  b.appraiser_name as assignee_name,
  null as assignee_title,
  null as actor_objid,
  b.appraiser_name as actor_name,
  null as actor_title,
  null as message,
  null as signature,
  null as returnedby
from batchgr b
where b.appraiser_name is not null
;


insert into batchgr_task (
  objid,
  refid,
  parentprocessid,
  state,
  startdate,
  enddate,
  assignee_objid,
  assignee_name,
  assignee_title,
  actor_objid,
  actor_name,
  actor_title,
  message,
  signature,
  returnedby
)
select 
  concat(b.objid, '-taxmapper') as objid,
  b.objid as refid,
  null as parentprocessid,
  'taxmapper' as state,
  b.taxmapper_dtsigned as startdate,
  b.taxmapper_dtsigned as enddate,
  null as assignee_objid,
  b.taxmapper_name as assignee_name,
  null as assignee_title,
  null as actor_objid,
  b.taxmapper_name as actor_name,
  null as actor_title,
  null as message,
  null as signature,
  null as returnedby
from batchgr b
where b.taxmapper_name is not null
;


insert into batchgr_task (
  objid,
  refid,
  parentprocessid,
  state,
  startdate,
  enddate,
  assignee_objid,
  assignee_name,
  assignee_title,
  actor_objid,
  actor_name,
  actor_title,
  message,
  signature,
  returnedby
)
select 
  concat(b.objid, '-recommender') as objid,
  b.objid as refid,
  null as parentprocessid,
  'recommender' as state,
  b.recommender_dtsigned as startdate,
  b.recommender_dtsigned as enddate,
  null as assignee_objid,
  b.recommender_name as assignee_name,
  null as assignee_title,
  null as actor_objid,
  b.recommender_name as actor_name,
  null as actor_title,
  null as message,
  null as signature,
  null as returnedby
from batchgr b
where b.recommender_name is not null
;



insert into batchgr_task (
  objid,
  refid,
  parentprocessid,
  state,
  startdate,
  enddate,
  assignee_objid,
  assignee_name,
  assignee_title,
  actor_objid,
  actor_name,
  actor_title,
  message,
  signature,
  returnedby
)
select 
  concat(b.objid, '-approver') as objid,
  b.objid as refid,
  null as parentprocessid,
  'approver' as state,
  b.approver_dtsigned as startdate,
  b.approver_dtsigned as enddate,
  null as assignee_objid,
  b.approver_name as assignee_name,
  null as assignee_title,
  null as actor_objid,
  b.approver_name as actor_name,
  null as actor_title,
  null as message,
  null as signature,
  null as returnedby
from batchgr b
where b.approver_name is not null
;


alter table batchgr 
  drop column appraiser_name,
  drop column appraiser_dtsigned,
  drop column taxmapper_name,
  drop column taxmapper_dtsigned,
  drop column recommender_name,
  drop column recommender_dtsigned,
  drop column approver_name,
  drop column approver_dtsigned
;  




/*===========================================
*
*  ENTITY MAPPING (PROVINCE)
*
============================================*/

DROP TABLE IF EXISTS `entity_mapping`
;

CREATE TABLE `entity_mapping` (
  `objid` varchar(50) NOT NULL,
  `parent_objid` varchar(50) NOT NULL,
  `org_objid` varchar(50) DEFAULT NULL,
  PRIMARY KEY (`objid`)
) ENGINE=InnoDB DEFAULT CHARSET=utf8
;


drop table if exists vw_entity_mapping
;
drop view if exists vw_entity_mapping
;

create view vw_entity_mapping
as 
select 
  r.*,
  e.entityno,
  e.name, 
  e.address_text as address_text,
  a.province as address_province,
  a.municipality as address_municipality
from entity_mapping r 
inner join entity e on r.objid = e.objid 
left join entity_address a on e.address_objid = a.objid
left join sys_org b on a.barangay_objid = b.objid 
left join sys_org m on b.parent_objid = m.objid 
;




/*===========================================
*
*  CERTIFICATION UPDATES
*
============================================*/
drop table if exists vw_rptcertification_item
;
drop view if exists vw_rptcertification_item
;

create view vw_rptcertification_item
as 
SELECT 
  rci.rptcertificationid,
  f.objid as faasid,
  f.fullpin, 
  f.tdno,
  e.objid as taxpayerid,
  e.name as taxpayer_name, 
  f.owner_name, 
  f.administrator_name,
  f.titleno,  
  f.rpuid, 
  pc.code AS classcode, 
  pc.name AS classname,
  so.name AS lguname,
  b.name AS barangay, 
  r.rputype, 
  r.suffix,
  r.totalareaha AS totalareaha,
  r.totalareasqm AS totalareasqm,
  r.totalav,
  r.totalmv, 
  rp.street,
  rp.blockno,
  rp.cadastrallotno,
  rp.surveyno,
  r.taxable,
  f.effectivityyear,
  f.effectivityqtr
FROM rptcertificationitem rci 
  INNER JOIN faas f ON rci.refid = f.objid 
  INNER JOIN rpu r ON f.rpuid = r.objid 
  INNER JOIN propertyclassification pc ON r.classification_objid = pc.objid 
  INNER JOIN realproperty rp ON f.realpropertyid = rp.objid 
  INNER JOIN barangay b ON rp.barangayid = b.objid 
  INNER JOIN sys_org so on f.lguid = so.objid 
  INNER JOIN entity e on f.taxpayer_objid = e.objid 
;



/*===========================================
*
*  SUBDIVISION ASSISTANCE
*
============================================*/
drop table if exists subdivision_assist_item
; 

drop table if exists subdivision_assist
; 

CREATE TABLE `subdivision_assist` (
  `objid` varchar(50) NOT NULL,
  `parent_objid` varchar(50) NOT NULL,
  `taskstate` varchar(50) NOT NULL,
  `assignee_objid` varchar(50) NOT NULL,
  PRIMARY KEY (`objid`)
) ENGINE=InnoDB DEFAULT CHARSET=utf8
;

alter table subdivision_assist 
add constraint fk_subdivision_assist_subdivision foreign key(parent_objid)
references subdivision(objid)
;

alter table subdivision_assist 
add constraint fk_subdivision_assist_user foreign key(assignee_objid)
references sys_user(objid)
;

create index ix_parent_objid on subdivision_assist(parent_objid)
;

create index ix_assignee_objid on subdivision_assist(assignee_objid)
;

create unique index ux_parent_assignee on subdivision_assist(parent_objid, taskstate, assignee_objid)
;


CREATE TABLE `subdivision_assist_item` (
`objid` varchar(50) NOT NULL,
  `subdivision_objid` varchar(50) NOT NULL,
  `parent_objid` varchar(50) NOT NULL,
  `pintype` varchar(10) NOT NULL,
  `section` varchar(5) NOT NULL,
  `startparcel` int(255) NOT NULL,
  `endparcel` int(255) NOT NULL,
  `parcelcount` int(11) DEFAULT NULL,
  `parcelcreated` int(11) DEFAULT NULL,
  PRIMARY KEY (`objid`)
) ENGINE=InnoDB DEFAULT CHARSET=utf8
;

alter table subdivision_assist_item 
add constraint fk_subdivision_assist_item_subdivision foreign key(subdivision_objid)
references subdivision(objid)
;

alter table subdivision_assist_item 
add constraint fk_subdivision_assist_item_subdivision_assist foreign key(parent_objid)
references subdivision_assist(objid)
;

create index ix_subdivision_objid on subdivision_assist_item(subdivision_objid)
;

create index ix_parent_objid on subdivision_assist_item(parent_objid)
;



/*==================================================
**
** REALTY TAX CREDIT
**
===================================================*/

drop table if exists rpttaxcredit
;



CREATE TABLE `rpttaxcredit` (
  `objid` varchar(50) NOT NULL,
  `state` varchar(25) NOT NULL,
  `type` varchar(25) NOT NULL,
  `txnno` varchar(25) DEFAULT NULL,
  `txndate` datetime DEFAULT NULL,
  `reftype` varchar(25) DEFAULT NULL,
  `refid` varchar(50) DEFAULT NULL,
  `refno` varchar(25) NOT NULL,
  `refdate` date NOT NULL,
  `amount` decimal(16,2) NOT NULL,
  `amtapplied` decimal(16,2) NOT NULL,
  `rptledger_objid` varchar(50) NOT NULL,
  `srcledger_objid` varchar(50) DEFAULT NULL,
  `remarks` varchar(255) DEFAULT NULL,
  `approvedby_objid` varchar(50) DEFAULT NULL,
  `approvedby_name` varchar(150) DEFAULT NULL,
  `approvedby_title` varchar(75) DEFAULT NULL,
  PRIMARY KEY (`objid`)
) ENGINE=InnoDB DEFAULT CHARSET=utf8
;


create index ix_state on rpttaxcredit(state)
;

create index ix_type on rpttaxcredit(type)
;

create unique index ux_txnno on rpttaxcredit(txnno)
;

create index ix_reftype on rpttaxcredit(reftype)
;

create index ix_refid on rpttaxcredit(refid)
;

create index ix_refno on rpttaxcredit(refno)
;

create index ix_rptledger_objid on rpttaxcredit(rptledger_objid)
;

create index ix_srcledger_objid on rpttaxcredit(srcledger_objid)
;

alter table rpttaxcredit
add constraint fk_rpttaxcredit_rptledger foreign key (rptledger_objid)
references rptledger (objid)
;

alter table rpttaxcredit
add constraint fk_rpttaxcredit_srcledger foreign key (srcledger_objid)
references rptledger (objid)
;

alter table rpttaxcredit
add constraint fk_rpttaxcredit_sys_user foreign key (approvedby_objid)
references sys_user(objid)
;





/*==================================================
**
** MACHINE SMV
**
===================================================*/

CREATE TABLE `machine_smv` (
  `objid` varchar(50) NOT NULL,
  `parent_objid` varchar(50) NOT NULL,
  `machine_objid` varchar(50) NOT NULL,
  `expr` varchar(255) NOT NULL,
  `previd` varchar(50) DEFAULT NULL,
  PRIMARY KEY (`objid`)
) ENGINE=InnoDB DEFAULT CHARSET=utf8
;

create index ix_parent_objid on machine_smv(parent_objid)
;
create index ix_machine_objid on machine_smv(machine_objid)
;
create index ix_previd on machine_smv(previd)
;
create unique index ux_parent_machine on machine_smv(parent_objid, machine_objid)
;



alter table machine_smv
add constraint fk_machinesmv_machrysetting foreign key (parent_objid)
references machrysetting (objid)
;

alter table machine_smv
add constraint fk_machinesmv_machine foreign key (machine_objid)
references machine(objid)
;


alter table machine_smv
add constraint fk_machinesmv_machinesmv foreign key (previd)
references machine_smv(objid)
;


create view vw_machine_smv 
as 
select 
  ms.*, 
  m.code,
  m.name
from machine_smv ms 
inner join machine m on ms.machine_objid = m.objid 
;

alter table machdetail 
  add smvid varchar(50),
  add params text
;

update machdetail set params = '[]' where params is null
;

create index ix_smvid on machdetail(smvid)
;


alter table machdetail 
add constraint fk_machdetail_machine_smv foreign key(smvid)
references machine_smv(objid)
;




/*==================================================
**
** AFFECTED FAS TXNTYPE (DP)
**
===================================================*/

INSERT INTO `sys_var` (`name`, `value`, `description`, `datatype`, `category`) 
VALUES ('faas_affected_rpu_txntype_dp', '0', 'Set affected improvements FAAS txntype to DP e.g. SD and CS', 'checkbox', 'ASSESSOR')
;


alter table bldgrpu add occpermitno varchar(25)
;

alter table rpu add isonline int
;

update rpu set isonline = 0 where isonline is null 
;



drop table if exists sync_data_forprocess
;
drop table if exists sync_data_pending
;
drop table if exists sync_data
;

CREATE TABLE `syncdata_forsync` (
  `objid` varchar(50) NOT NULL,
  `reftype` varchar(100) NOT NULL,
  `refno` varchar(50) NOT NULL,
  `action` varchar(100) NOT NULL,
  `orgid` varchar(25) NOT NULL,
  `dtfiled` datetime NOT NULL,
  `createdby_objid` varchar(50) DEFAULT NULL,
  `createdby_name` varchar(255) DEFAULT NULL,
  `createdby_title` varchar(100) DEFAULT NULL,
  `info` text,
  PRIMARY KEY (`objid`),
  KEY `ix_dtfiled` (`dtfiled`),
  KEY `ix_createdbyid` (`createdby_objid`),
  KEY `ix_reftype` (`reftype`) USING BTREE,
  KEY `ix_refno` (`refno`)
) ENGINE=InnoDB DEFAULT CHARSET=utf8
;

CREATE TABLE `syncdata` (
  `objid` varchar(50) NOT NULL,
  `state` varchar(50) NOT NULL,
  `refid` varchar(50) NOT NULL,
  `reftype` varchar(50) NOT NULL,
  `refno` varchar(50) DEFAULT NULL,
  `action` varchar(50) NOT NULL,
  `dtfiled` datetime NOT NULL,
  `orgid` varchar(50) DEFAULT NULL,
  `remote_orgid` varchar(50) DEFAULT NULL,
  `remote_orgcode` varchar(20) DEFAULT NULL,
  `remote_orgclass` varchar(20) DEFAULT NULL,
  `sender_objid` varchar(50) DEFAULT NULL,
  `sender_name` varchar(150) DEFAULT NULL,
  `fileid` varchar(255) DEFAULT NULL,
  PRIMARY KEY (`objid`),
  KEY `ix_reftype` (`reftype`),
  KEY `ix_refno` (`refno`),
  KEY `ix_orgid` (`orgid`),
  KEY `ix_dtfiled` (`dtfiled`),
  KEY `ix_fileid` (`fileid`),
  KEY `ix_refid` (`refid`)
) ENGINE=InnoDB DEFAULT CHARSET=utf8
;


CREATE TABLE `syncdata_item` (
  `objid` varchar(50) NOT NULL,
  `parentid` varchar(50) NOT NULL,
  `state` varchar(50) NOT NULL,
  `refid` varchar(50) NOT NULL,
  `reftype` varchar(255) NOT NULL,
  `refno` varchar(50) DEFAULT NULL,
  `action` varchar(100) NOT NULL,
  `error` text,
  `idx` int(255) NOT NULL,
  `info` text,
  PRIMARY KEY (`objid`),
  KEY `ix_parentid` (`parentid`),
  KEY `ix_refid` (`refid`),
  KEY `ix_refno` (`refno`),
  CONSTRAINT `fk_syncdataitem_syncdata` FOREIGN KEY (`parentid`) REFERENCES `syncdata` (`objid`)
) ENGINE=InnoDB DEFAULT CHARSET=utf8
;



CREATE TABLE `syncdata_forprocess` (
  `objid` varchar(50) NOT NULL,
  `parentid` varchar(50) NOT NULL,
  PRIMARY KEY (`objid`),
  KEY `ix_parentid` (`parentid`),
  CONSTRAINT `fk_syncdata_forprocess_syncdata_item` FOREIGN KEY (`objid`) REFERENCES `syncdata_item` (`objid`)
) ENGINE=InnoDB DEFAULT CHARSET=utf8
;


CREATE TABLE `syncdata_pending` (
  `objid` varchar(50) NOT NULL,
  `error` text,
  `expirydate` datetime DEFAULT NULL,
  PRIMARY KEY (`objid`),
  KEY `ix_expirydate` (`expirydate`),
  CONSTRAINT `fk_syncdata_pending_syncdata` FOREIGN KEY (`objid`) REFERENCES `syncdata` (`objid`)
) ENGINE=InnoDB DEFAULT CHARSET=utf8
;




/* PREVTAXABILITY */
alter table faas_previous add prevtaxability varchar(10)
;


update faas_previous pf, faas f, rpu r set 
  pf.prevtaxability = case when r.taxable = 1 then 'TAXABLE' else 'EXEMPT' end 
where pf.prevfaasid = f.objid
and f.rpuid = r.objid 
and pf.prevtaxability is null 
;


/* 255-03020 */

alter table syncdata_item add async int default 0
;
alter table syncdata_item add dependedaction varchar(100)
;

create index ix_state on syncdata(state)
;
create index ix_state on syncdata_item(state)
;

create table syncdata_offline_org (
  orgid varchar(50) not null,
  expirydate datetime not null,
  primary key(orgid)
)
;




/*=======================================
*
*  QRRPA: Mixed-Use Support
*
=======================================*/

drop table if exists vw_rpu_assessment
;
drop view if exists vw_rpu_assessment
;

create view vw_rpu_assessment as 
select 
  r.objid,
  r.rputype,
  dpc.objid as dominantclass_objid,
  dpc.code as dominantclass_code,
  dpc.name as dominantclass_name,
  dpc.orderno as dominantclass_orderno,
  ra.areasqm,
  ra.areaha,
  ra.marketvalue,
  ra.assesslevel,
  ra.assessedvalue,
  ra.taxable,
  au.code as actualuse_code, 
  au.name  as actualuse_name,
  auc.objid as actualuse_objid,
  auc.code as actualuse_classcode,
  auc.name as actualuse_classname,
  auc.orderno as actualuse_orderno
from rpu r 
inner join propertyclassification dpc on r.classification_objid = dpc.objid
inner join rpu_assessment ra on r.objid = ra.rpuid
inner join landassesslevel au on ra.actualuse_objid = au.objid 
left join propertyclassification auc on au.classification_objid = auc.objid

union 

select 
  r.objid,
  r.rputype,
  dpc.objid as dominantclass_objid,
  dpc.code as dominantclass_code,
  dpc.name as dominantclass_name,
  dpc.orderno as dominantclass_orderno,
  ra.areasqm,
  ra.areaha,
  ra.marketvalue,
  ra.assesslevel,
  ra.assessedvalue,
  ra.taxable,
  au.code as actualuse_code, 
  au.name  as actualuse_name,
  auc.objid as actualuse_objid,
  auc.code as actualuse_classcode,
  auc.name as actualuse_classname,
  auc.orderno as actualuse_orderno
from rpu r 
inner join propertyclassification dpc on r.classification_objid = dpc.objid
inner join rpu_assessment ra on r.objid = ra.rpuid
inner join bldgassesslevel au on ra.actualuse_objid = au.objid 
left join propertyclassification auc on au.classification_objid = auc.objid

union 

select 
  r.objid,
  r.rputype,
  dpc.objid as dominantclass_objid,
  dpc.code as dominantclass_code,
  dpc.name as dominantclass_name,
  dpc.orderno as dominantclass_orderno,
  ra.areasqm,
  ra.areaha,
  ra.marketvalue,
  ra.assesslevel,
  ra.assessedvalue,
  ra.taxable,
  au.code as actualuse_code, 
  au.name  as actualuse_name,
  auc.objid as actualuse_objid,
  auc.code as actualuse_classcode,
  auc.name as actualuse_classname,
  auc.orderno as actualuse_orderno
from rpu r 
inner join propertyclassification dpc on r.classification_objid = dpc.objid
inner join rpu_assessment ra on r.objid = ra.rpuid
inner join machassesslevel au on ra.actualuse_objid = au.objid 
left join propertyclassification auc on au.classification_objid = auc.objid

union 

select 
  r.objid,
  r.rputype,
  dpc.objid as dominantclass_objid,
  dpc.code as dominantclass_code,
  dpc.name as dominantclass_name,
  dpc.orderno as dominantclass_orderno,
  ra.areasqm,
  ra.areaha,
  ra.marketvalue,
  ra.assesslevel,
  ra.assessedvalue,
  ra.taxable,
  au.code as actualuse_code, 
  au.name  as actualuse_name,
  auc.objid as actualuse_objid,
  auc.code as actualuse_classcode,
  auc.name as actualuse_classname,
  auc.orderno as actualuse_orderno
from rpu r 
inner join propertyclassification dpc on r.classification_objid = dpc.objid
inner join rpu_assessment ra on r.objid = ra.rpuid
inner join planttreeassesslevel au on ra.actualuse_objid = au.objid 
left join propertyclassification auc on au.classification_objid = auc.objid

union 

select 
  r.objid,
  r.rputype,
  dpc.objid as dominantclass_objid,
  dpc.code as dominantclass_code,
  dpc.name as dominantclass_name,
  dpc.orderno as dominantclass_orderno,
  ra.areasqm,
  ra.areaha,
  ra.marketvalue,
  ra.assesslevel,
  ra.assessedvalue,
  ra.taxable,
  au.code as actualuse_code, 
  au.name  as actualuse_name,
  auc.objid as actualuse_objid,
  auc.code as actualuse_classcode,
  auc.name as actualuse_classname,
  auc.orderno as actualuse_orderno
from rpu r 
inner join propertyclassification dpc on r.classification_objid = dpc.objid
inner join rpu_assessment ra on r.objid = ra.rpuid
inner join miscassesslevel au on ra.actualuse_objid = au.objid 
left join propertyclassification auc on au.classification_objid = auc.objid
;



drop table if exists syncdata_offline_org
;

DROP TABLE if exists `syncdata_org` 
; 


CREATE TABLE `syncdata_org` (
  `orgid` varchar(50) NOT NULL,
  `state` varchar(50) NOT NULL,
  `errorcount` int default 0,
  PRIMARY KEY (`orgid`)
) ENGINE=InnoDB DEFAULT CHARSET=utf8
;

create index ix_state on syncdata_org(state)
;

insert into syncdata_org (
  orgid, 
  state, 
  errorcount
)
select 
  objid,
  'ACTIVE',
  0
from sys_org
where orgclass = 'municipality'
;


drop table if exists syncdata_forprocess
;

CREATE TABLE `syncdata_forprocess` (
  `objid` varchar(50) NOT NULL,
  `processed` int(11) DEFAULT '0',
  PRIMARY KEY (`objid`),
  CONSTRAINT `fk_forprocess_syncdata_item` FOREIGN KEY (`objid`) REFERENCES `syncdata_item` (`objid`)
) ENGINE=InnoDB DEFAULT CHARSET=utf8
;


DROP TABLE if exists `batch_rpttaxcredit_ledger_posted`
;

DROP TABLE if exists `batch_rpttaxcredit_ledger`
;

DROP TABLE if exists `batch_rpttaxcredit`
;

CREATE TABLE `batch_rpttaxcredit` (
  `objid` varchar(50) NOT NULL,
  `state` varchar(25) NOT NULL,
  `txndate` date NOT NULL,
  `txnno` varchar(25) NOT NULL,
  `rate` decimal(10,2) NOT NULL,
  `paymentfrom` date DEFAULT NULL,
  `paymentto` varchar(255) DEFAULT NULL,
  `creditedyear` int(255) NOT NULL,
  `reason` varchar(255) NOT NULL,
  `validity` date NULL,
  PRIMARY KEY (`objid`),
  KEY `ix_state` (`state`),
  KEY `ix_txnno` (`txnno`)
) ENGINE=InnoDB DEFAULT CHARSET=utf8
;

CREATE TABLE `batch_rpttaxcredit_ledger` (
  `objid` varchar(50) NOT NULL,
  `parentid` varchar(50) NOT NULL,
  `state` varchar(25) NOT NULL,
  `error` varchar(255) NULL,
  barangayid varchar(50) not null, 
  PRIMARY KEY (`objid`),
  KEY `ix_parentid` (`parentid`),
  KEY `ix_state` (`state`),
KEY `ix_barangayid` (`barangayid`)
) ENGINE=InnoDB DEFAULT CHARSET=utf8
;

alter table batch_rpttaxcredit_ledger 
add constraint fk_rpttaxcredit_rptledger_parent foreign key(parentid) references batch_rpttaxcredit(objid)
;

alter table batch_rpttaxcredit_ledger 
add constraint fk_rpttaxcredit_rptledger_rptledger foreign key(objid) references rptledger(objid)
;




CREATE TABLE `batch_rpttaxcredit_ledger_posted` (
  `objid` varchar(50) NOT NULL,
  `parentid` varchar(50) NOT NULL,
  `barangayid` varchar(50) NOT NULL,
  PRIMARY KEY (`objid`),
  KEY `ix_parentid` (`parentid`),
  KEY `ix_barangayid` (`barangayid`)
) ENGINE=InnoDB DEFAULT CHARSET=utf8
;

alter table batch_rpttaxcredit_ledger_posted 
add constraint fk_rpttaxcredit_rptledger_posted_parent foreign key(parentid) references batch_rpttaxcredit(objid)
;

alter table batch_rpttaxcredit_ledger_posted 
add constraint fk_rpttaxcredit_rptledger_posted_rptledger foreign key(objid) references rptledger(objid)
;


drop table if exists vw_batch_rpttaxcredit_error
;
drop view if exists vw_batch_rpttaxcredit_error
;
create view vw_batch_rpttaxcredit_error
as 
select br.*, rl.tdno
from batch_rpttaxcredit_ledger br 
inner join rptledger rl on br.objid = rl.objid 
where br.state = 'ERROR'
;

alter table rpttaxcredit add info text
;


alter table rpttaxcredit add discapplied decimal(16,2) not null
;

update rpttaxcredit set discapplied = 0 where discapplied is null 
;



CREATE TABLE `rpt_syncdata_forsync` (
  `objid` varchar(50) NOT NULL,
  `reftype` varchar(50) NOT NULL,
  `refno` varchar(50) NOT NULL,
  `action` varchar(50) NOT NULL,
  `orgid` varchar(50) NOT NULL,
  `dtfiled` datetime NOT NULL,
  `createdby_objid` varchar(50) DEFAULT NULL,
  `createdby_name` varchar(255) DEFAULT NULL,
  `createdby_title` varchar(50) DEFAULT NULL,
  PRIMARY KEY (`objid`),
  KEY `ix_refno` (`refno`),
  KEY `ix_orgid` (`orgid`)
) ENGINE=InnoDB DEFAULT CHARSET=utf8
;

CREATE TABLE `rpt_syncdata` (
  `objid` varchar(50) NOT NULL,
  `state` varchar(25) NOT NULL,
  `refid` varchar(50) NOT NULL,
  `reftype` varchar(50) NOT NULL,
  `refno` varchar(50) NOT NULL,
  `action` varchar(50) NOT NULL,
  `dtfiled` datetime NOT NULL,
  `orgid` varchar(50) NOT NULL,
  `remote_orgid` varchar(50) DEFAULT NULL,
  `remote_orgcode` varchar(5) DEFAULT NULL,
  `remote_orgclass` varchar(25) DEFAULT NULL,
  `sender_objid` varchar(50) DEFAULT NULL,
  `sender_name` varchar(255) DEFAULT NULL,
  `sender_title` varchar(80) DEFAULT NULL,
  PRIMARY KEY (`objid`),
  KEY `ix_state` (`state`),
  KEY `ix_refid` (`refid`),
  KEY `ix_refno` (`refno`),
  KEY `ix_orgid` (`orgid`)
) ENGINE=InnoDB DEFAULT CHARSET=utf8
;

CREATE TABLE `rpt_syncdata_item` (
  `objid` varchar(50) NOT NULL,
  `parentid` varchar(50) NOT NULL,
  `state` varchar(25) NOT NULL,
  `refid` varchar(50) NOT NULL,
  `reftype` varchar(50) NOT NULL,
  `refno` varchar(50) NOT NULL,
  `action` varchar(50) NOT NULL,
  `idx` int(11) NOT NULL,
  `info` text,
  PRIMARY KEY (`objid`),
  KEY `ix_parentid` (`parentid`),
  KEY `ix_state` (`state`),
  KEY `ix_refid` (`refid`),
  KEY `ix_refno` (`refno`),
  CONSTRAINT `FK_parentid_rpt_syncdata` FOREIGN KEY (`parentid`) REFERENCES `rpt_syncdata` (`objid`)
) ENGINE=InnoDB DEFAULT CHARSET=utf8
;

CREATE TABLE `rpt_syncdata_error` (
  `objid` varchar(50) NOT NULL,
  `filekey` varchar(1000) NOT NULL,
  `error` text,
  `refid` varchar(50) NOT NULL,
  `reftype` varchar(50) NOT NULL,
  `refno` varchar(50) NOT NULL,
  `action` varchar(50) NOT NULL,
  `idx` int(11) NOT NULL,
  `info` text,
  `parent` text,
  `remote_orgid` varchar(50) DEFAULT NULL,
  `remote_orgcode` varchar(5) DEFAULT NULL,
  `remote_orgclass` varchar(50) DEFAULT NULL,
  PRIMARY KEY (`objid`),
  KEY `ix_refid` (`refid`),
  KEY `ix_refno` (`refno`),
  KEY `ix_filekey` (`filekey`(255)),
  KEY `ix_remote_orgid` (`remote_orgid`),
  KEY `ix_remote_orgcode` (`remote_orgcode`)
) ENGINE=InnoDB DEFAULT CHARSET=utf8
;

INSERT INTO `sys_var` (`name`, `value`, `description`, `datatype`, `category`) 
VALUES ('assesser_new_sync_lgus', NULL, 'List of LGUs using new sync facility', NULL, 'ASSESSOR')
;



ALTER TABLE rpt_syncdata_forsync ADD remote_orgid VARCHAR(15)
;


INSERT INTO `sys_var` (`name`, `value`, `description`, `datatype`, `category`) VALUES ('fileserver_upload_task_active', '0', 'Activate / Deactivate upload task', 'boolean', 'SYSTEM')
;






INSERT INTO `sys_var` (`name`, `value`, `description`, `datatype`, `category`) 
VALUES ('fileserver_download_task_active', '1', 'Activate / Deactivate download task', 'boolean', 'SYSTEM')
;


CREATE TABLE `rpt_syncdata_completed` (
  `objid` varchar(255) NOT NULL,
  `idx` int(255) DEFAULT NULL,
  `action` varchar(100) DEFAULT NULL,
  `refno` varchar(50) DEFAULT NULL,
  `refid` varchar(50) DEFAULT NULL,
  `reftype` varchar(50) DEFAULT NULL,
  `parent_orgid` varchar(50) DEFAULT NULL,
  `sender_name` varchar(255) DEFAULT NULL,
  `sender_title` varchar(255) DEFAULT NULL,
  `dtcreated` datetime DEFAULT NULL,
  PRIMARY KEY (`objid`),
  KEY `ix_refno` (`refno`),
  KEY `ix_refid` (`refid`),
  KEY `ix_parent_orgid` (`parent_orgid`)
) ENGINE=InnoDB DEFAULT CHARSET=utf8
;

alter table rptledger_item add (
  fromqtr int null, 
  toqtr int null 
)
;
